<Modules>
  <Module PersistentId="FB1EB1D2-2DF7-4B5D-B370-0C25C6BC7932" ModuleId="Tty.CSharp3.One_1" />
  <Module PersistentId="5A83E868-DA1E-40D5-8B53-52D9901D78C5" ModuleId="Tty.CSharp3.Two" />
  <Module PersistentId="64039ABF-2723-4D01-977F-C784B055DEB0" ModuleId="Tty.CSharp3.Three" />
  <Module PersistentId="DE569A3E-9B66-472E-93B9-DF7A566B6574" ModuleId="Tty.CSharp3.Four" />
  <Module PersistentId="98FB9261-6B10-4341-8DD3-D901FDAB3A01" ModuleId="Tty.CSharp3.Five.One" />
  <Module PersistentId="C0AAD4DE-1D2D-4C53-9646-43B2D9E55FAF" ModuleId="Tty.CSharp3.Five.Two" />
  <Module PersistentId="F1E7FD24-DE89-48C5-BD2B-784DD267F99F" ModuleId="Tty.CSharp3.Five.Three" />
  <Module PersistentId="12B0E604-B90E-47FD-8BFD-BD310D1FE6C8" ModuleId="Tty.CSharp3.Six.One" />
  <Module PersistentId="83C212AE-B418-4B6F-B2FB-74A8BDFDEA77" ModuleId="Tty.CSharp3.Six.Two" />
  <Module PersistentId="1EC2071D-6691-4C08-9253-19A386A32D75" ModuleId="Tty.CSharp3.Six.Three" />
  <Module PersistentId="07AF1823-B56A-4993-B2AB-F44CE565E700" ModuleId="Tty.CSharp3.Seven" />
  <Module PersistentId="E547EF63-9418-4B9B-8F12-2AF846BD6A47" ModuleId="ConsoleApplication1" />
</Modules>