<?xml version="1.0" encoding="UTF-8"?><?xml-stylesheet type='text/xsl' href='_UpgradeReport_Files/UpgradeReport.xslt'?><UpgradeLog>
<Properties><Property Name="Solution" Value="OperationConsole">
</Property><Property Name="解决方案文件" Value="G:\教学\上课\dot net框架编程技术\dotnet2010\dotnet课件03(面向对象思想)\3\OperationConsole\OperationConsole.sln">
</Property><Property Name="用户选项文件" Value="G:\教学\上课\dot net框架编程技术\dotnet2010\dotnet课件03(面向对象思想)\3\OperationConsole\OperationConsole.suo">
</Property><Property Name="Date" Value="2010年9月14日">
</Property><Property Name="Time" Value="9:17">
</Property></Properties><Event ErrorLevel="0" Project="" Source="OperationConsole.sln" Description="文件已成功备份为 G:\教学\上课\dot net框架编程技术\dotnet2010\dotnet课件03(面向对象思想)\3\OperationConsole\Backup\OperationConsole.sln">
</Event><Event ErrorLevel="0" Project="" Source="OperationConsole.suo" Description="文件已成功备份为 G:\教学\上课\dot net框架编程技术\dotnet2010\dotnet课件03(面向对象思想)\3\OperationConsole\Backup\OperationConsole.suo">
</Event><Event ErrorLevel="0" Project="OperationConsole" Source="OperationConsole\OperationConsole.csproj" Description="项目文件已成功备份为 G:\教学\上课\dot net框架编程技术\dotnet2010\dotnet课件03(面向对象思想)\3\OperationConsole\Backup\OperationConsole\OperationConsole.csproj">
</Event><Event ErrorLevel="0" Project="OperationConsole" Source="OperationConsole\Program.cs" Description="文件已成功备份为 G:\教学\上课\dot net框架编程技术\dotnet2010\dotnet课件03(面向对象思想)\3\OperationConsole\Backup\OperationConsole\Program.cs">
</Event><Event ErrorLevel="0" Project="OperationConsole" Source="OperationConsole\Properties\AssemblyInfo.cs" Description="文件已成功备份为 G:\教学\上课\dot net框架编程技术\dotnet2010\dotnet课件03(面向对象思想)\3\OperationConsole\Backup\OperationConsole\Properties\AssemblyInfo.cs">
</Event><Event ErrorLevel="0" Project="OperationConsole" Source="OperationConsole\OperationConsole.csproj" Description="项目已成功转换">
</Event><Event ErrorLevel="3" Project="OperationConsole" Source="OperationConsole\OperationConsole.csproj" Description="Converted">
</Event><Event ErrorLevel="0" Project="" Source="OperationConsole.sln" Description="成功转换解决方案">
</Event><Event ErrorLevel="3" Project="" Source="OperationConsole.sln" Description="Converted">
</Event><Event ErrorLevel="0" Project="OperationConsole" Source="OperationConsole\OperationConsole.csproj" Description="扫描完成: 项目文件不需要升级。">
</Event></UpgradeLog>