<?xml version="1.0" encoding="UTF-8"?><?xml-stylesheet type='text/xsl' href='_UpgradeReport_Files/UpgradeReport.xslt'?><UpgradeLog>
<Properties><Property Name="Solution" Value="OperationConsole">
</Property><Property Name="解决方案文件" Value="G:\教学\上课\dot net框架编程技术\dotnet2010\dotnet课件03(面向对象思想)\3\OperationConsole\OperationConsole.sln">
</Property><Property Name="Date" Value="2010年9月14日">
</Property><Property Name="Time" Value="9:18:05">
</Property><Property Name="日志号" Value="2">
</Property></Properties><Event ErrorLevel="0" Project="Operation" Source="..\Operation\Operation\Operation.csproj" Description="项目文件已成功备份为 G:\教学\上课\dot net框架编程技术\dotnet2010\dotnet课件03(面向对象思想)\3\OperationConsole\Backup1\Operation.csproj">
</Event><Event ErrorLevel="0" Project="Operation" Source="..\Operation\Operation\Operation.cs" Description="文件已成功备份为 G:\教学\上课\dot net框架编程技术\dotnet2010\dotnet课件03(面向对象思想)\3\OperationConsole\Backup1\Operation.cs">
</Event><Event ErrorLevel="0" Project="Operation" Source="..\Operation\Operation\OperationAdd.cs" Description="文件已成功备份为 G:\教学\上课\dot net框架编程技术\dotnet2010\dotnet课件03(面向对象思想)\3\OperationConsole\Backup1\OperationAdd.cs">
</Event><Event ErrorLevel="0" Project="Operation" Source="..\Operation\Operation\OperationDiv.cs" Description="文件已成功备份为 G:\教学\上课\dot net框架编程技术\dotnet2010\dotnet课件03(面向对象思想)\3\OperationConsole\Backup1\OperationDiv.cs">
</Event><Event ErrorLevel="0" Project="Operation" Source="..\Operation\Operation\OperationFactory.cs" Description="文件已成功备份为 G:\教学\上课\dot net框架编程技术\dotnet2010\dotnet课件03(面向对象思想)\3\OperationConsole\Backup1\OperationFactory.cs">
</Event><Event ErrorLevel="0" Project="Operation" Source="..\Operation\Operation\OperationMul.cs" Description="文件已成功备份为 G:\教学\上课\dot net框架编程技术\dotnet2010\dotnet课件03(面向对象思想)\3\OperationConsole\Backup1\OperationMul.cs">
</Event><Event ErrorLevel="0" Project="Operation" Source="..\Operation\Operation\OperationSqrt.cs" Description="文件已成功备份为 G:\教学\上课\dot net框架编程技术\dotnet2010\dotnet课件03(面向对象思想)\3\OperationConsole\Backup1\OperationSqrt.cs">
</Event><Event ErrorLevel="0" Project="Operation" Source="..\Operation\Operation\OperationSub.cs" Description="文件已成功备份为 G:\教学\上课\dot net框架编程技术\dotnet2010\dotnet课件03(面向对象思想)\3\OperationConsole\Backup1\OperationSub.cs">
</Event><Event ErrorLevel="0" Project="Operation" Source="..\Operation\Operation\Properties\AssemblyInfo.cs" Description="文件已成功备份为 G:\教学\上课\dot net框架编程技术\dotnet2010\dotnet课件03(面向对象思想)\3\OperationConsole\Backup1\Properties\AssemblyInfo.cs">
</Event><Event ErrorLevel="0" Project="Operation" Source="..\Operation\Operation\OperationMul2.cs" Description="文件已成功备份为 G:\教学\上课\dot net框架编程技术\dotnet2010\dotnet课件03(面向对象思想)\3\OperationConsole\Backup1\OperationMul2.cs">
</Event><Event ErrorLevel="0" Project="Operation" Source="..\Operation\Operation\Operation.csproj" Description="项目已成功转换">
</Event><Event ErrorLevel="3" Project="Operation" Source="..\Operation\Operation\Operation.csproj" Description="Converted">
</Event><Event ErrorLevel="0" Project="Operation" Source="..\Operation\Operation\Operation.csproj" Description="扫描完成: 项目文件不需要升级。">
</Event></UpgradeLog>